{"sections":{"ccbd9f81-c067-4d58-beb1-ef6821fddc62":{"type":"breadcrumb","settings":{"page_full_width":true,"page_full_width_spacing":false,"use_breadcrumb_title":true,"breadcrumb_image":"shopify:\/\/shop_images\/bc-1-1.5x.png","breadcrumb_style":"center","image_overlay_opacity":0,"color_scheme":"background-1","padding_top":240,"padding_bottom":140}},"main":{"type":"main-article","blocks":{"featured_image":{"type":"featured_image","settings":{"image_height":"adapt","blog_show_date":true}},"title":{"type":"title","settings":{"blog_show_author":false}},"content":{"type":"content","settings":{}}},"block_order":["featured_image","title","content"],"settings":{"page_full_width":false,"page_full_width_spacing":false,"padding_top":100,"padding_bottom":100,"show_articles":true,"side_show_excerpts":false,"article_title":"Recent posts","limit":3,"show_tags":true,"tags_title":"Tags","show_insta":true,"insta_title":"Instagram","insta_img_1":"shopify:\/\/shop_images\/insta-_1.png","insta_img_2":"shopify:\/\/shop_images\/insta-_2.png","insta_img_3":"shopify:\/\/shop_images\/insta-_3.png","insta_img_4":"shopify:\/\/shop_images\/insta-_4.png","insta_img_5":"shopify:\/\/shop_images\/insta-_5.png","insta_img_6":"shopify:\/\/shop_images\/insta-_6.png","sidebar_settings":"sidebar-right","show_social":true,"show_promo":true,"sidebar_image":"shopify:\/\/shop_images\/promo-banner-collections.png","sidebar_title":"","sidebar_link_text":"","sidebar_link":"shopify:\/\/collections\/keyboards","show_collection":false,"collection_title":"New Arrivals","collection":"gaming-controllers","collection_limit":2,"show_menu":false,"menu_title":"Categories","linklist":"category"}}},"order":["ccbd9f81-c067-4d58-beb1-ef6821fddc62","main"]}