{"sections":{"40206b70-8172-4b18-96ab-2648dc91b5d7":{"type":"breadcrumb","settings":{"page_full_width":true,"page_full_width_spacing":false,"use_breadcrumb_title":true,"breadcrumb_image":"shopify:\/\/shop_images\/bread-crumb-1.5x.png","breadcrumb_style":"center","image_overlay_opacity":0,"color_scheme":"background-1","padding_top":240,"padding_bottom":140}},"main":{"type":"main-blog","settings":{"page_full_width":false,"page_full_width_spacing":false,"custom_class_name":"","layout":"grid","show_image":true,"image_height":"large","post_limit":6,"show_date":true,"show_author":true,"show_excerpts":true,"enable_comments":true,"show_articles":true,"side_show_excerpts":false,"article_title":"Recent posts","limit":3,"show_tags":true,"tags_title":"Tags","show_insta":true,"insta_title":"Instagram","insta_img_1":"shopify:\/\/shop_images\/insta-_1.png","insta_img_2":"shopify:\/\/shop_images\/insta-_2.png","insta_img_3":"shopify:\/\/shop_images\/insta-_3.png","insta_img_4":"shopify:\/\/shop_images\/insta-_4.png","insta_img_5":"shopify:\/\/shop_images\/insta-_5.png","insta_img_6":"shopify:\/\/shop_images\/insta-_6.png","show_carousel":false,"carousel_title":"Hot Deals","carousel":"mousepads","carousel_limit":2,"sidebar_settings":"sidebar-right","show_social":false,"show_promo":true,"sidebar_image":"shopify:\/\/shop_images\/promo-banner-collections.png","sidebar_title":"","sidebar_link_text":"","sidebar_link":"shopify:\/\/collections\/mousepads","show_menu":false,"menu_title":"Categories","linklist":"category","show_collection":false,"collection_title":"New Arrivals","collection":"gaming-chair","collection_limit":2,"padding_top":100,"padding_bottom":100}}},"order":["40206b70-8172-4b18-96ab-2648dc91b5d7","main"]}