{"sections":{"e73cb67e-4708-4a24-ae19-2f5324b5edd5":{"type":"breadcrumb","settings":{"page_full_width":true,"page_full_width_spacing":false,"use_breadcrumb_title":true,"breadcrumb_image":"shopify:\/\/shop_images\/bread-crumb-1.5x.png","breadcrumb_style":"center","image_overlay_opacity":0,"color_scheme":"background-1","padding_top":240,"padding_bottom":140}},"banner":{"type":"main-collection-banner","disabled":true,"settings":{"page_full_width":true,"page_full_width_spacing":true,"show_collection_description":false,"show_collection_image":false,"color_scheme":"inverse","padding_top":60,"padding_bottom":60}},"product-grid":{"type":"main-collection-product-grid","settings":{"products_per_page":12,"columns_desktop":2,"collections_custom_cols":true,"page_full_width":false,"page_full_width_spacing":false,"image_ratio":"adapt","show_secondary_image":true,"show_vendor":true,"show_new_tag":true,"show_rating":true,"enable_filtering":true,"filter_type":"vertical","enable_sorting":true,"pagination":"numbers","padding_top":100,"padding_bottom":100,"sidebar_settings":"sidebar-left","show_menu":false,"menu_title":"Categories","linklist":"category","show_carousel":false,"carousel_title":"Best Sellings","carousel":"keyboards","carousel_limit":3,"show_image":true,"sidebar_image":"shopify:\/\/shop_images\/promo-banner-collections.png","sidebar_title":"","sidebar_button":"","sidebar_link":"shopify:\/\/collections\/gaming-controllers","show_collection":false,"collection_title":"New Arrivals","collection":"gaming-desk","collection_limit":2}}},"order":["e73cb67e-4708-4a24-ae19-2f5324b5edd5","banner","product-grid"]}