{"sections":{"slideshow_KpEagf":{"type":"slideshow","blocks":{"slide_tqqQdH":{"type":"slide","settings":{"image":"shopify:\/\/shop_images\/slide-1.5x.png","mobile_image":"shopify:\/\/shop_images\/mobile-slider-001.jpg","heading":"Level up your gaming experience","heading_size":"h2","subheading":"Flight Simulation","text":"","button_label":"View More","link":"shopify:\/\/collections\/gaming-controllers","button_label_1":"Shop Now","link_1":"shopify:\/\/collections\/gaming-chair","box_align":"bottom-center","show_text_box":false,"text_alignment":"center","color_scheme":"","text_alignment_mobile":"center"}},"slide_jeUgDz":{"type":"slide","settings":{"image":"shopify:\/\/shop_images\/slider-02.jpg","mobile_image":"shopify:\/\/shop_images\/mobile-slider-01.jpg","heading":"Escape reality, embrace the game","heading_size":"h2","subheading":"Racing","text":"","button_label":"View More","link":"shopify:\/\/collections\/keyboards","button_label_1":"Shop now","link_1":"shopify:\/\/collections\/gaming-chair","box_align":"middle-left","show_text_box":false,"text_alignment":"left","color_scheme":"","text_alignment_mobile":"center"}},"slide_YB973F":{"type":"slide","settings":{"image":"shopify:\/\/shop_images\/slider-01.jpg","mobile_image":"shopify:\/\/shop_images\/mobile-slider-02.jpg","heading":"Dive into the game, emerge a hero","heading_size":"h2","subheading":"Fighting","text":"","button_label":"View More","link":"shopify:\/\/collections\/mousepads","button_label_1":"shop now","link_1":"shopify:\/\/collections\/gaming-controllers","box_align":"middle-left","show_text_box":false,"text_alignment":"left","color_scheme":"","text_alignment_mobile":"center"}}},"block_order":["slide_tqqQdH","slide_jeUgDz","slide_YB973F"],"settings":{"page_full_width":true,"page_full_width_spacing":false,"slider_image_height":950,"slider_image_height_laptop":700,"slider_image_height_tab":500,"slider_image_height_mobile":400,"swiper_pagination":true,"swiper_navigation":false,"auto_play":0,"slider_effect":"slide","show_text_below":false,"text_below_shadow":false,"slider_overlay":true,"overlay_opacity":0.5,"overlay_color":"#111410","overlay_screen_width":"576","custom_class_name":""}},"image_with_rich_text_FJDkwi":{"type":"image-with-rich-text","blocks":{"heading_j7XqrK":{"type":"heading","settings":{"heading":"Donec consectetur","heading_size":"h2"}},"image_FU97Dj":{"type":"image","settings":{"icon":"shopify:\/\/shop_images\/img-richtext_2.png"}},"heading_MbYnfm":{"type":"heading","settings":{"heading":"nisi massa","heading_size":"h2"}},"heading_WpaX9a":{"type":"heading","settings":{"heading":"massa","heading_size":"h2"}},"image_CRaTE6":{"type":"image","settings":{"icon":"shopify:\/\/shop_images\/img-richtext_3.png"}},"heading_NqxLK3":{"type":"heading","settings":{"heading":"ncus vel. Proin eleifend","heading_size":"h2"}},"heading_aUhPVP":{"type":"heading","settings":{"heading":"risus dignissim semper bus....","heading_size":"h2"}},"image_xcXrth":{"type":"image","settings":{"icon":"shopify:\/\/shop_images\/home-section-image-1-1.jpg"}}},"block_order":["heading_j7XqrK","image_FU97Dj","heading_MbYnfm","heading_WpaX9a","image_CRaTE6","heading_NqxLK3","heading_aUhPVP","image_xcXrth"],"settings":{"page_full_width":false,"page_full_width_spacing":false,"color_scheme":"background-1","sub_heading":"Our services","text":"<p>Aenean bibendum ipsum sit amet fringilla sodales. Maecenas faucibus quam nec mauris ultricies finibus. Vivamus mauris odio, cursus sit amet lectus a, mattis laoreet urna lobortis.<\/p>","heading_size":"h2","padding_top":100,"padding_bottom":100}},"marquee_section_7nLGUy":{"type":"marquee-section","blocks":{"text_T6MtHC":{"type":"text","settings":{"block_heading":"Unlock the fun"}},"text_RKhHKf":{"type":"text","settings":{"block_heading":"Discover the power of play"}},"text_9bLgKV":{"type":"text","settings":{"block_heading":"Dive into endless fun"}},"text_UgEdjm":{"type":"text","settings":{"block_heading":"Play. Win. Repeat"}}},"block_order":["text_T6MtHC","text_RKhHKf","text_9bLgKV","text_UgEdjm"],"settings":{"page_full_width":true,"page_full_width_spacing":true,"marquee_image":"shopify:\/\/shop_images\/marquee-img.png","content_reverse":false,"color_scheme":"","heading_size":"h1","padding_top":36,"padding_bottom":36}},"featured_collection_U9pwcB":{"type":"featured-collection","settings":{"page_full_width":false,"page_full_width_spacing":false,"title":"Key Gaming Accessories","heading_size":"h2","sub_heading":"Our offerings","description":"","button_label":"","button_link":"","button_style_secondary":false,"column_alignment":"center","collection":"keyboards","products_to_show":4,"columns_desktop":4,"show_view_all":true,"view_all_style":"solid","color_scheme":"","image_ratio":"adapt","show_secondary_image":false,"show_vendor":false,"show_new_tag":false,"show_rating":true,"enable_additional_block":false,"additional_block_heading":"Main Heading","additional_block_sub_heading":"Sub Heading","additional_block_description":"","additional_block_button_text":"View More","additional_block_button_link":"","additional_color_scheme":"background-1","padding_top":100,"padding_bottom":100,"custom_class_name":"","swiper_enable":true,"desktop_column":4,"laptop_column":3,"tablet_column":2,"mobile_column":1,"column_gap":"30","centered_slide":false,"swiper_pagination":false,"swiper_navigation":false,"auto_play":0,"swipe_on_mobile":false,"arrow_on_mobile":false,"columns_mobile":"1"}},"slideshow_thumbs_fNa6FN":{"type":"slideshow-thumbs","blocks":{"slide_xeyy6n":{"type":"slide","settings":{"image":"shopify:\/\/shop_images\/slider-tab-3-1.5x.png","mobile_image":"shopify:\/\/shop_images\/page-slideshow-mobile-slider-02.jpg","subheading":"CAR RACE","show_content":true,"heading":"Access Adventure","heading_size":"h2","text":"Mauris mollis vel neque eu lobortis. Maecenas tempor magna nec nisl euismod posuere. Ut semper, tortor non tincidunt ornare, magna orci vehicula quam, a tincitae ante.","button_label":"View More","link":"shopify:\/\/collections\/gaming-controllers","button_label_1":"Shop Now","link_1":"shopify:\/\/collections\/gaming-chair","button_style_secondary":false,"box_align":"bottom-left","show_text_box":false,"text_alignment":"left","color_scheme":"background-1","text_alignment_mobile":"left"}},"slide_66GKnK":{"type":"slide","settings":{"image":"shopify:\/\/shop_images\/slider-tab-1-1.5x.png","mobile_image":"shopify:\/\/shop_images\/page-slideshow-mobile-slider-03.jpg","subheading":"Action","show_content":true,"heading":"Battle for Honor","heading_size":"h2","text":"Feugiat in ante metus dictum at tempor commodo. In pellentesque massa placerat duis ultricies lacus sed turpis maecenas volutpat blandit aliquam etiam.","button_label":"View More","link":"shopify:\/\/collections\/gaming-desk","button_label_1":"Shop Now","link_1":"shopify:\/\/collections\/keyboards","button_style_secondary":false,"box_align":"bottom-left","show_text_box":false,"text_alignment":"left","color_scheme":"background-1","text_alignment_mobile":"left"}},"slide_kWYBez":{"type":"slide","settings":{"image":"shopify:\/\/shop_images\/slider-tab-2-1.5x.png","mobile_image":"shopify:\/\/shop_images\/page-slideshow-mobile-slider-01.jpg","subheading":"Simulation","show_content":true,"heading":"War for Renown","heading_size":"h2","text":"Amet risus sit amet consectetur adipiscing elit pellentesque habitant morbi nullam eget felis eget nunc lobortis mattis aliquam sociis natoque penatibus et magnis dis parturient montes nascetur.","button_label":"View More","link":"shopify:\/\/collections\/mousepads","button_label_1":"Shop Now","link_1":"shopify:\/\/collections\/gaming-controllers","button_style_secondary":false,"box_align":"bottom-left","show_text_box":false,"text_alignment":"left","color_scheme":"background-1","text_alignment_mobile":"left"}}},"block_order":["slide_xeyy6n","slide_66GKnK","slide_kWYBez"],"settings":{"page_full_width":true,"page_full_width_spacing":false,"slide_height":"large","swiper_navigation":false,"auto_pay":0,"show_thumb":true,"show_text_below":true,"image_overlay_opacity":0}},"specification_block_YczF6A":{"type":"specification-block","blocks":{"text_jM3edY":{"type":"text","settings":{"block-image":"shopify:\/\/shop_images\/spec-block-img-2x.png","title":"Creativity","desc":"Sed blandit libero volutpat","link_text":"","link":""}},"text_egA6fi":{"type":"text","settings":{"block-image":"shopify:\/\/shop_images\/spec-block-img-2x_6734c3dc-3aef-474e-81a6-645e164ddab1.png","title":"Stress Relief","desc":"Congue mauris rhoncus","link_text":"View More","link":""}}},"block_order":["text_jM3edY","text_egA6fi"],"settings":{"page_full_width":false,"page_full_width_spacing":false,"color_scheme":"","title":"","heading_size":"h2","sub_heading":"","description":"","button_label":"","button_link":"","column_alignment":"left","button_style_secondary":false,"enable_main_block":true,"primary_image":"shopify:\/\/shop_images\/spec-block-1.5x.png","enable_image":true,"primary_title":"","primary_sub_title":"","primary_description":"","primary_button_text":"","primary_button_link":"","primary_text_align":"Left","vertical_position":"position-vertical-center","banner_style":"grid","specification_style":"style3","overlay_style_height":"960","primary_position":"center","content_reverse":false,"additional_heading":"From Pixels to Play: Sharing Our Story","additional_sub_heading":"How we do","additional_description":"Viverra tellus in hac habitasse platea dictumst vestibulum rhoncus est augue eget arcu dictum varius duis at consectetur.","additional_text_align":"Left","additional_blocks_info":"<ul><li>Donec consectetur nisi massa, sed semper massa rhoncus vel.<\/li><li>Proin eleifend risus dignissim semper dapibus.<\/li><li>In mi eros, pulvinar in tempor non, facilisis non nunc.<\/li><\/ul>","additional_link_text":"Shop Now","additional_link":"shopify:\/\/collections\/gaming-desk","padding_top":100,"padding_bottom":100,"custom_class_name":""}},"testimonials_Hk4zcU":{"type":"testimonials","blocks":{"text_mQMM6z":{"type":"text","settings":{"block_color_scheme":"","image":"shopify:\/\/shop_images\/test-1.png","author":"James","job_title":"GAME DEVELOPER","quote":"<h5><em><strong>Volutpat consequat mauris nunc congue. Faucibus scelerisque eleifend donec pretium vulputate sapien nec sagittis aliquam. <\/strong><\/em><\/h5>","enable_rating":false,"star":"3"}},"text_zAYrCK":{"type":"text","settings":{"block_color_scheme":"","image":"shopify:\/\/shop_images\/test-2.png","author":"Thomas","job_title":"DEVELOPER","quote":"<h5><em><strong>Adipiscing enim eu turpis egestas pretium aenean pharetra. Nisl tincidunt eget nullam non nisi est sit amet facilisis. <\/strong><\/em><\/h5>","enable_rating":false,"star":"3"}},"text_NgjeNJ":{"type":"text","settings":{"block_color_scheme":"","image":"shopify:\/\/shop_images\/test-3.png","author":"WATSON","job_title":"ARCHITECT","quote":"<h5><em><strong>Magna eget est lorem ipsum dolor sit amet consectetur. Sit amet risus nullam eget felis. Gravida rutrum quisque non tellus orci ac.<\/strong><\/em><\/h5>","enable_rating":true,"star":"2"}},"text_LUXKmq":{"type":"text","settings":{"block_color_scheme":"","image":"shopify:\/\/shop_images\/home-2-testimonial-image-1.jpg","author":"Einstin","job_title":"DESINGER","quote":"<h5><em><strong>Ante in nibh mauris cursus mattis molestie. Consequat id porta nibh venenatis cras. Sed augue lacus viverra vitae congue. <\/strong><\/em><\/h5>","enable_rating":false,"star":"3"}},"text_4V3kEw":{"type":"text","settings":{"block_color_scheme":"","image":"shopify:\/\/shop_images\/home-2-testimonial-image-1_2.jpg","author":"MATHEW","job_title":"ENGINEER","quote":"<h5><em><strong>Tristique et egestas quis ipsum suspendisse ultrices. Cras tincidunt lobortis feugiat vivamus. Lobortis molestie nunc. <\/strong><\/em><\/h5>","enable_rating":true,"star":"2"}}},"block_order":["text_mQMM6z","text_zAYrCK","text_NgjeNJ","text_LUXKmq","text_4V3kEw"],"settings":{"page_full_width":false,"page_full_width_spacing":false,"show_backgroundimage":false,"title":"What our players says","heading_size":"h2","sub_heading":"Our review","description":"","button_label":"","button_link":"","button_style_secondary":false,"color_scheme":"","testimonial_text_alignment":"left","quote_icon":"shopify:\/\/shop_images\/quote-icon.png","padding_top":100,"padding_bottom":100,"custom_class_name":"","desktop_column":3,"laptop_column":2,"tablet_column":2,"mobile_column":1,"column_gap":"30","centered_slide":false,"swiper_pagination":false,"swiper_navigation":true,"auto_play":0}},"img_banner_typ1_hHJJ3t":{"type":"img-banner-typ1","blocks":{"caption_qyBAGr":{"type":"caption","settings":{"caption":"Our app"}},"heading_4WQ9Va":{"type":"heading","settings":{"heading":"Unlock Gaming<br>\nGet Our App Now","heading_size":"h2"}},"text_Jih6FP":{"type":"text","settings":{"text":"Gravida rutrum quisque non tellus orci ac auctor vulputate eu scelerisque felis imperdiet.","text_style":"body"}},"image_4N6CCh":{"type":"image","settings":{"icon":"shopify:\/\/shop_images\/google-icon-1.png","image_link_1":"#","icon1":"shopify:\/\/shop_images\/apple-icon.png","image_link_2":"#"}}},"block_order":["caption_qyBAGr","heading_4WQ9Va","text_Jih6FP","image_4N6CCh"],"settings":{"page_full_width":true,"page_full_width_spacing":false,"image":"shopify:\/\/shop_images\/img-banner-typ1.png","image_overlay_opacity":40,"image_height":"medium","adapt_height_first_image":true,"desktop_content_position":"middle-right","show_text_box":false,"desktop_content_alignment":"left","color_scheme":"accent-1","mobile_content_alignment":"left","stack_images_on_mobile":false,"show_text_below":true,"margin_top":0,"margin_bottom":0,"custom_class_name":""}},"collapsible_content_iJJFPT":{"type":"collapsible-content","blocks":{"collapsible_row_m4Q4Qe":{"type":"collapsible_row","settings":{"heading":"Are there gaming clubs I can join?","icon":"none","row_content":"<p>Varius duis at consectetur lorem donec. Tellus at urna condimentum mattis pellentesque id nibh tortor. Non sodales neque sodales ut etiam. Amet mauris commodo quis imperdiet massa tincidunt.<\/p>","page":""}},"collapsible_row_MTR4kY":{"type":"collapsible_row","settings":{"heading":"How do I get started in gaming?","icon":"none","row_content":"<p>Felis bibendum ut tristique et egestas quis ipsum suspendisse ultrices. Sed enim ut sem viverra aliquet eget sit amet tellus. Ac tortor vitae purus faucibus ornare suspendisse sed nisi lacus.<\/p>","page":""}},"collapsible_row_c3GLpc":{"type":"collapsible_row","settings":{"heading":"Are gaming apps free or paid?","icon":"none","row_content":"<p>Enim nec dui nunc mattis enim ut tellus. Et netus et malesuada fames ac. Cursus sit amet dictum sit amet justo. Pretium aenean pharetra magna ac placerat vestibulum lectus mauris.Libero justo laoreet sit amet cursus sit amet dictum. <\/p>","page":""}},"collapsible_row_EjWyf8":{"type":"collapsible_row","settings":{"heading":"How can I hone my gaming talents?","icon":"none","row_content":"<p>Metus dictum at tempor commodo ullamcorper a lacus vestibulum. Magnis dis parturient montes nascetur ridiculus mus mauris. Eget gravida cum sociis natoque penatibus et magnis dis. Risus pretium quam vulputate dignissim.<\/p>","page":""}},"collapsible_row_YGtUGK":{"type":"collapsible_row","settings":{"heading":"Where can I find gaming apps?","icon":"none","row_content":"<p>Sed velit dignissim sodales ut eu sem integer vitae justo. Sed viverra ipsum nunc aliquet bibendum enim facilisis gravida. Elementum nisi quis eleifend quam adipiscing vitae proin sagittis. Urna et pharetra pharetra massa. <\/p>","page":""}},"collapsible_row_XXAgJA":{"type":"collapsible_row","settings":{"heading":"Are in-app purchases safe?","icon":"none","row_content":"<p>Etiam sit amet nisl purus in mollis nunc sed. Tellus cras adipiscing enim eu turpis egestas. Gravida quis blandit turpis cursus in hac. Tincidunt eget nullam non nisi. Lorem ipsum dolor sit amet consectetur adipiscing elit.<\/p>","page":""}}},"block_order":["collapsible_row_m4Q4Qe","collapsible_row_MTR4kY","collapsible_row_c3GLpc","collapsible_row_EjWyf8","collapsible_row_YGtUGK","collapsible_row_XXAgJA"],"settings":{"page_full_width":false,"page_full_width_spacing":false,"title":"Need Guidance? We've Provided","heading_size":"h2","sub_heading":"FAQ's","description":"Tortor aliquam nulla facilisi cras fermentum auctor augue mauris augue neque gravida in fermentum.","button_label":"SHOP NOW","button_link":"shopify:\/\/collections\/mousepads","button_style_secondary":false,"column_alignment":"left","layout":"none","color_scheme":"","container_color_scheme":"","open_first_collapsible_row":true,"enable_address_block":false,"image_ratio":"adapt","address_heading":"GOT QUESTIONS? WE'VE COVERED","collapsible_address":"ffdd","collapsible_contact_no":"dfdfdf","collapsible_contact_id":"d","desktop_layout":"image_first","padding_top":100,"padding_bottom":100,"custom_class_name":""}},"featured_blog_pwJF83":{"type":"featured-blog","settings":{"page_full_width":false,"page_full_width_spacing":false,"title":"Explore Our Gaming Blog","heading_size":"h2","sub_heading":"Our digital diary","description":"","button_label":"","button_link":"","button_style_secondary":false,"column_alignment":"center","blog":"news","post_limit":3,"columns_desktop":3,"color_scheme":"","show_image":true,"show_date":true,"show_author":false,"show_excerpts":true,"enable_comments":false,"show_view_all":false,"block_banner_style":"grid-style","overlay_style_height":400,"overlay_opacity":"0.5","padding_top":100,"padding_bottom":100,"custom_class_name":"","swiper_enable":true,"desktop_column":3,"laptop_column":3,"tablet_column":2,"mobile_column":1,"column_gap":"30","swiper_pagination":false,"swiper_navigation":false,"auto_play":0}},"brand_logos_EwDDUb":{"type":"brand-logos","blocks":{"logo_eGczAh":{"type":"logo","settings":{"image":"shopify:\/\/shop_images\/Logo-1.png","enable_overlay_image":true,"link":"shopify:\/\/collections\/gaming-controllers"}},"logo_Higexf":{"type":"logo","settings":{"image":"shopify:\/\/shop_images\/Logo-2.png","enable_overlay_image":true,"link":"shopify:\/\/collections\/gaming-chair"}},"logo_Vt9gcD":{"type":"logo","settings":{"image":"shopify:\/\/shop_images\/Logo-3.png","enable_overlay_image":true,"link":"shopify:\/\/collections\/gaming-desk"}},"logo_hH3mUj":{"type":"logo","settings":{"image":"shopify:\/\/shop_images\/Logo-4.png","enable_overlay_image":true,"link":"shopify:\/\/collections\/keyboards"}},"logo_LFTPMY":{"type":"logo","settings":{"image":"shopify:\/\/shop_images\/Logo-5.png","enable_overlay_image":true,"link":"shopify:\/\/collections\/mousepads"}},"logo_dpkWRX":{"type":"logo","settings":{"image":"shopify:\/\/shop_images\/Logo-6.png","enable_overlay_image":true,"link":"shopify:\/\/collections\/gaming-controllers"}}},"block_order":["logo_eGczAh","logo_Higexf","logo_Vt9gcD","logo_hH3mUj","logo_LFTPMY","logo_dpkWRX"],"settings":{"page_full_width":true,"page_full_width_spacing":false,"title":"","heading_size":"h2","sub_heading":"","description":"","button_label":"","button_link":"","button_style_secondary":false,"column_alignment":"center","columns_desktop":6,"color_scheme":"","block_color_scheme":"","padding_top":0,"padding_bottom":0,"custom_class_name":"","swiper_enable":true,"desktop_column":6,"laptop_column":4,"tablet_column":3,"mobile_column":2,"column_gap":"0","swiper_pagination":false,"swiper_navigation":false,"centered_slide":false,"auto_play":0,"swipe_on_mobile":false,"arrow_on_mobile":false,"columns_mobile":"1"}}},"order":["slideshow_KpEagf","image_with_rich_text_FJDkwi","marquee_section_7nLGUy","featured_collection_U9pwcB","slideshow_thumbs_fNa6FN","specification_block_YczF6A","testimonials_Hk4zcU","img_banner_typ1_hHJJ3t","collapsible_content_iJJFPT","featured_blog_pwJF83","brand_logos_EwDDUb"]}