{"sections":{"5a6167b9-7e65-4f28-bb95-335bbeadc0bc":{"type":"breadcrumb","settings":{"page_full_width":true,"page_full_width_spacing":false,"use_breadcrumb_title":true,"breadcrumb_image":"shopify:\/\/shop_images\/bc-2-1.5x.png","breadcrumb_style":"center","image_overlay_opacity":0,"color_scheme":"accent-1","padding_top":240,"padding_bottom":140}},"main":{"type":"main-list-collections","settings":{"color_scheme":"background-1","title":"","column_alignment":"center","page_full_width":false,"page_full_width_spacing":false,"sort":"alphabetical","collection_layout":"grid","collection_button_label":"","collection_count":true,"collection_description":true,"collection_arrow":true,"image_ratio":"adapt","columns_desktop":4,"padding_top":100,"padding_bottom":100}}},"order":["5a6167b9-7e65-4f28-bb95-335bbeadc0bc","main"]}