{"sections":{"6cd6487e-d9a0-4ded-85ba-5068911dc2fd":{"type":"breadcrumb","settings":{"page_full_width":true,"page_full_width_spacing":false,"use_breadcrumb_title":true,"breadcrumb_image":"shopify:\/\/shop_images\/bc-1-1.5x.png","breadcrumb_style":"center","image_overlay_opacity":0,"color_scheme":"background-1","padding_top":240,"padding_bottom":140}},"main":{"type":"main-page","disabled":true,"settings":{"page_full_width":false,"page_full_width_spacing":false,"padding_top":0,"padding_bottom":0}},"faq_tab_content_crVHL6":{"type":"faq-tab-content","blocks":{"heading_JjEgzU":{"type":"heading","settings":{"heading":"All matches","icon_image_check":false,"accordian_title_icon":"fa fa-chevron-down"}},"text_4GRbMG":{"type":"text","settings":{"title":"What is a game tournament?","description":"Quam elementum pulvinar etiam non quam lacus suspendisse faucibus."}},"text_mqMa6e":{"type":"text","settings":{"title":"How do game tournaments work?","description":"Tincidunt eget nullam non nisi. Porttitor rhoncus dolor purus non enim."}},"text_e6xxJU":{"type":"text","settings":{"title":"What types of games are featured in tournaments?","description":"Sit amet mattis vulputate enim nulla aliquet porttitor lacus luctus."}},"text_WPdMTg":{"type":"text","settings":{"title":"How can I participate in a game tournament?","description":"Venenatis a condimentum vitae sapien pellentesque habitant morbi. Cursus metus aliquam eleifend mi in."}},"text_e7PCht":{"type":"text","settings":{"title":"Are there different levels of game tournaments?","description":"Porta nibh venenatis cras sed felis eget velit aliquet. Sed odio morbi quis commodo odio aenean sed."}},"text_kmitdp":{"type":"text","settings":{"title":"How are game tournaments organized?","description":"Morbi tincidunt ornare massa eget egestas purus. Donec pretium vulputate sapien nec sagittis."}},"text_iMqGBf":{"type":"text","settings":{"title":"How can I host my own game tournament?","description":"Aliquam id diam maecenas ultricies mi. Tellus integer feugiat scelerisque varius morbi enim nunc. Suspendisse in est ante in nibh."}},"text_cdrRhU":{"type":"text","settings":{"title":"What are community-run game tournaments?","description":"Viverra mauris in aliquam sem fringilla ut morbi. Dignissim convallis aenean et tortor at risus viverra adipiscing."}},"text_3gDG8i":{"type":"text","settings":{"title":"Can I play in game competitions as a job?","description":"At elementum eu facilisis sed odio morbi quis commodo. Euismod elementum nisi quis eleifend quam adipiscing vitae. Turpis in eu mi bibendum neque egestas."}},"divider_6qE7ef":{"type":"divider","settings":{}},"heading_XRCtPx":{"type":"heading","settings":{"heading":"Online Games","icon_image_check":false,"accordian_title_icon":"fa fa-chevron-down"}},"text_dVtNqa":{"type":"text","settings":{"title":"What are some popular online games?","description":"Eu facilisis sed odio morbi. Vestibulum lorem sed risus ultricies tristique nulla aliquet enim tortor."}},"text_HaTgWj":{"type":"text","settings":{"title":"Can I play online games on my mobile device?","description":"Eget sit amet tellus cras adipiscing enim. Risus in hendrerit gravida rutrum. Nulla facilisi nullam vehicula ipsum a."}},"text_DPJrHU":{"type":"text","settings":{"title":"Can I play online games with friends?","description":"Hendrerit dolor magna eget est lorem ipsum dolor sit amet. Leo urna molestie at elementum eu facilisis sed."}},"divider_tpfh6c":{"type":"divider","settings":{}},"heading_T4fw7B":{"type":"heading","settings":{"heading":"Upcoming matches","icon_image_check":false,"accordian_title_icon":"fa fa-chevron-down"}},"text_Rr6FKw":{"type":"text","settings":{"title":"What are the different types of games?","description":"Ultricies tristique nulla aliquet enim tortor. Tellus in hac habitasse platea. Amet risus nullam eget felis eget nunc lobortis mattis aliquam."}},"text_GmcKk4":{"type":"text","settings":{"title":"What are hybrid or crossover games?","description":"Eget sit amet tellus cras adipiscing enim. Risus in hendrerit gravida rutrum. Nulla facilisi nullam vehicula ipsum a."}},"text_MQ7j4F":{"type":"text","settings":{"title":"How do developers bring innovation?","description":"Hendrerit dolor magna eget est lorem ipsum dolor sit amet. Leo urna molestie at elementum eu facilisis sed."}}},"block_order":["heading_JjEgzU","text_4GRbMG","text_mqMa6e","text_e6xxJU","text_WPdMTg","text_e7PCht","text_kmitdp","text_iMqGBf","text_cdrRhU","text_3gDG8i","divider_6qE7ef","heading_XRCtPx","text_dVtNqa","text_HaTgWj","text_DPJrHU","divider_tpfh6c","heading_T4fw7B","text_Rr6FKw","text_GmcKk4","text_MQ7j4F"],"settings":{"page_full_width":false,"page_full_width_spacing":false,"heading":"Find the key to the answers","heading_size":"h2","sub_heading":"FAQ","description":"","color_scheme":"scheme-1","top_heading_position":"text-center","form_image":"shopify:\/\/shop_images\/faq-form-2x.png","form_title":"Any Doubt?","padding_top":100,"padding_bottom":100}},"img_banner_typ1_hHJJ3t":{"type":"img-banner-typ1","blocks":{"caption_qyBAGr":{"type":"caption","settings":{"caption":"Our mobile app"}},"heading_4WQ9Va":{"type":"heading","settings":{"heading":"Discover Gaming <br>\nInstall App Now","heading_size":"h2"}},"text_Jih6FP":{"type":"text","settings":{"text":"Vivamus scelerisque accumsan nulla vel faucibu  itur finibus non urna sit amet sus bibendu.","text_style":"body"}},"image_4N6CCh":{"type":"image","settings":{"icon":"shopify:\/\/shop_images\/google-icon-1.png","image_link_1":"#","icon1":"shopify:\/\/shop_images\/apple-icon.png","image_link_2":"#"}}},"block_order":["caption_qyBAGr","heading_4WQ9Va","text_Jih6FP","image_4N6CCh"],"settings":{"page_full_width":true,"page_full_width_spacing":false,"image":"shopify:\/\/shop_images\/img-banner-typ1.png","image_overlay_opacity":40,"image_height":"medium","adapt_height_first_image":true,"desktop_content_position":"middle-right","show_text_box":false,"desktop_content_alignment":"left","color_scheme":"accent-1","mobile_content_alignment":"left","stack_images_on_mobile":false,"show_text_below":true,"margin_top":0,"margin_bottom":0,"custom_class_name":""}}},"order":["6cd6487e-d9a0-4ded-85ba-5068911dc2fd","main","faq_tab_content_crVHL6","img_banner_typ1_hHJJ3t"]}