{"sections":{"main":{"type":"main-page","disabled":true,"settings":{"page_full_width":false,"page_full_width_spacing":false,"padding_top":0,"padding_bottom":0}},"breadcrumb_RhV9jT":{"type":"breadcrumb","settings":{"page_full_width":true,"page_full_width_spacing":false,"use_breadcrumb_title":true,"breadcrumb_image":"shopify:\/\/shop_images\/bread-crumb-1.5x.png","breadcrumb_style":"center","image_overlay_opacity":0,"color_scheme":"","padding_top":240,"padding_bottom":140}},"number_counter_xTzhhr":{"type":"number-counter","blocks":{"icon_YQj8TE":{"type":"icon","settings":{"title":"","text":"Verified Games","value":"10","value_text":"K","column_alignment":"center"}},"icon_wHDned":{"type":"icon","settings":{"title":"","text":"Toon Ban Safeguard","value":"50","value_text":"+","column_alignment":"center"}},"icon_epxqHQ":{"type":"icon","settings":{"title":"","text":"Engaged Online Users","value":"60","value_text":"K","column_alignment":"center"}},"icon_hCh4qp":{"type":"icon","settings":{"title":"","text":"Top-Notch Reviews","value":"8.5","value_text":"\/10","column_alignment":"center"}}},"block_order":["icon_YQj8TE","icon_wHDned","icon_epxqHQ","icon_hCh4qp"],"custom_css":[],"settings":{"page_full_width":false,"page_full_width_spacing":false,"title":"Revealing the Mind Behind the Pixels","heading_size":"h2","sub_heading":"About Us","description":"Ut fermentum porttitor dignissim. Aliquam vitae elit eget urna dapibus porta sed vel ipsum. Nam id varius ante, vitu urna.","button_label":"","button_link":"","button_style_secondary":false,"column_alignment":"center","columns_desktop":4,"color_scheme":"background-1","counter_style":"grid","padding_top":100,"padding_bottom":100,"custom_class_name":""}},"inner_page_team_section_yGhprX":{"type":"inner-page-team-section","blocks":{"text_ENkRJr":{"type":"text","settings":{"block_image":"shopify:\/\/shop_images\/team-member-_1.png","show_content":true,"block_title":"Thomas","block_sub_title":"Game Designer","block_description":"","block_button_text":"","block_button_link":"","desktop_content_alignment":"center","social_twitter_link":"#","social_facebook_link":"#","social_pinterest_link":"","social_instagram_link":"#","social_tiktok_link":"","social_tumblr_link":"","social_snapchat_link":"#","social_youtube_link":"","social_vimeo_link":"#"}},"text_RjFWqM":{"type":"text","settings":{"block_image":"shopify:\/\/shop_images\/team-member-_2.png","show_content":true,"block_title":"Edward","block_sub_title":"Game Designer","block_description":"","block_button_text":"","block_button_link":"","desktop_content_alignment":"center","social_twitter_link":"#","social_facebook_link":"#","social_pinterest_link":"","social_instagram_link":"#","social_tiktok_link":"","social_tumblr_link":"","social_snapchat_link":"#","social_youtube_link":"","social_vimeo_link":"#"}},"text_qM4BG9":{"type":"text","settings":{"block_image":"shopify:\/\/shop_images\/team-member-_3.png","show_content":true,"block_title":"Laara","block_sub_title":"Game Writer","block_description":"","block_button_text":"","block_button_link":"","desktop_content_alignment":"center","social_twitter_link":"#","social_facebook_link":"#","social_pinterest_link":"","social_instagram_link":"#","social_tiktok_link":"","social_tumblr_link":"","social_snapchat_link":"#","social_youtube_link":"","social_vimeo_link":"#"}},"text_NNUtLQ":{"type":"text","settings":{"block_image":"shopify:\/\/shop_images\/team-member-_4.png","show_content":true,"block_title":"Clinton","block_sub_title":"Game Director","block_description":"","block_button_text":"","block_button_link":"","desktop_content_alignment":"center","social_twitter_link":"#","social_facebook_link":"#","social_pinterest_link":"","social_instagram_link":"#","social_tiktok_link":"","social_tumblr_link":"","social_snapchat_link":"#","social_youtube_link":"","social_vimeo_link":"#"}}},"block_order":["text_ENkRJr","text_RjFWqM","text_qM4BG9","text_NNUtLQ"],"custom_css":["@media screen and (max-width: 480px) {.team-section .team-section-content h4.main-title {font-size: calc(var(--font-h4-size) - 8px); } .team-section .team-section-content h6.sub-title {font-size: calc(var(--font-h6-size) - 4px); }}"],"settings":{"page_full_width":false,"page_full_width_spacing":false,"title":"Get to Know Our Warriors","heading_size":"h2","sub_heading":"Our Group","description":"","button_label":"","button_link":"","button_style_secondary":false,"column_alignment":"center","team-section":"4","color_scheme":"background-1","padding_top":100,"padding_bottom":100,"custom_class_name":"","swiper_enable":true,"desktop_column":4,"laptop_column":3,"tablet_column":2,"mobile_column":1,"column_gap":"30","centered_slide":false,"swiper_pagination":false,"swiper_navigation":false,"auto_play":0}},"newsletter_B6eL3W":{"type":"newsletter","blocks":{"paragraph_68Uywy":{"type":"paragraph","settings":{"text":"<p>Join Our Community<\/p>","text_style":"subtitle"}},"heading_YhCtGx":{"type":"heading","settings":{"heading":"Sign up for Our Newsletter","heading_size":"h2"}},"email_form_d9bNMT":{"type":"email_form","settings":{}}},"block_order":["paragraph_68Uywy","heading_YhCtGx","email_form_d9bNMT"],"settings":{"page_full_width":true,"page_full_width_spacing":false,"color_scheme":"","padding_top":100,"padding_bottom":100,"custom_class_name":""}},"instagram_gallery_NcGxeH":{"type":"instagram-gallery","blocks":{"text_jNtYnn":{"type":"text","settings":{"block_image":"shopify:\/\/shop_images\/instag_1.png","show_content":false,"icon_class":true,"block_sub_title":"Sub title","block_description":"Short description","block_button_link":"#"}},"text_gzG7nd":{"type":"text","settings":{"block_image":"shopify:\/\/shop_images\/instag_2.png","show_content":false,"icon_class":true,"block_sub_title":"Sub title","block_description":"Short description","block_button_link":"#"}},"text_NW6jni":{"type":"text","settings":{"block_image":"shopify:\/\/shop_images\/instag_3.png","show_content":false,"icon_class":true,"block_sub_title":"Sub title","block_description":"Short description","block_button_link":"#"}},"text_UfJNWP":{"type":"text","settings":{"block_image":"shopify:\/\/shop_images\/instag_4.png","show_content":false,"icon_class":true,"block_sub_title":"Sub title","block_description":"Short description","block_button_link":"#"}},"text_8rQWtB":{"type":"text","settings":{"block_image":"shopify:\/\/shop_images\/instag_5.png","show_content":false,"icon_class":true,"block_sub_title":"Sub title","block_description":"Short description","block_button_link":"#"}},"text_RHC8EV":{"type":"text","settings":{"block_image":"shopify:\/\/shop_images\/instag_6.png","show_content":false,"icon_class":true,"block_sub_title":"Sub title","block_description":"Short description","block_button_link":"#"}}},"block_order":["text_jNtYnn","text_gzG7nd","text_NW6jni","text_UfJNWP","text_8rQWtB","text_RHC8EV"],"settings":{"page_full_width":true,"page_full_width_spacing":false,"title":"@APEXX","heading_size":"h2","sub_heading":"STORY ON INSTA","description":"","column_alignment":"left","button_label":"VIEW MORE","button_link":"#","button_style_secondary":true,"color_scheme":"","overlay_height":300,"overlay_height_laptop":230,"overlay_height_tab":300,"overlay_height_mobile":300,"desktop_content_alignment":"center","padding_top":100,"padding_bottom":100,"swiper_enable":true,"desktop_column":6,"laptop_column":4,"tablet_column":3,"mobile_column":1,"column_gap":"30","centered_slide":false,"swiper_pagination":false,"swiper_navigation":false,"auto_play":0,"swipe_on_mobile":false,"arrow_on_mobile":false,"columns_mobile":"1","custom_class_name":""}}},"order":["main","breadcrumb_RhV9jT","number_counter_xTzhhr","inner_page_team_section_yGhprX","newsletter_B6eL3W","instagram_gallery_NcGxeH"]}