{"layout":"password","sections":{"main":{"type":"email-signup-banner","blocks":{"heading":{"type":"heading","settings":{"heading":"POWER UP WITH OUR EXCLUSIVE UPGRADES","heading_size":"h2"}},"paragraph":{"type":"paragraph","settings":{"text":"<p>Quisque nec nisi ut velit bibendum interdum non in nulla.<\/p>","text_style":"body"}},"email_form":{"type":"email_form","settings":{}}},"block_order":["heading","paragraph","email_form"],"settings":{"image":"shopify:\/\/shop_images\/slider-tab-2-1x.png","image_overlay_opacity":30,"show_background_image":true,"image_height":"adapt-image","desktop_content_position":"middle-center","show_text_box":false,"desktop_content_alignment":"center","color_scheme":"scheme-1","mobile_content_alignment":"center","show_text_below":true}}},"order":["main"]}