{"sections":{"a749a21c-24d9-496a-a367-132b18dae0a8":{"type":"flash-sale-banner","settings":{"hide_flash_banner":true,"page_full_width":false,"page_full_width_spacing":false,"color_scheme":"accent-1","padding_top":36,"padding_bottom":36}},"breadcrumb_QQpVXJ":{"type":"breadcrumb","settings":{"page_full_width":true,"page_full_width_spacing":false,"use_breadcrumb_title":true,"breadcrumb_image":"shopify:\/\/shop_images\/bread-crumb-1.5x.png","breadcrumb_style":"center","image_overlay_opacity":0,"color_scheme":"background-1","padding_top":240,"padding_bottom":140}},"main":{"type":"main-product","blocks":{"title":{"type":"title","settings":{}},"judge_me_reviews_preview_badge_G3qmpM":{"type":"shopify:\/\/apps\/judge-me-reviews\/blocks\/preview_badge\/61ccd3b1-a9f2-4160-9fe9-4fec8413e5d8","settings":{}},"price":{"type":"price","settings":{}},"variant_picker":{"type":"variant_picker","settings":{"picker_type":"button","picker_method":"custom_color","color_variant_style":"square"}},"52794bcc-295b-4f22-af16-704f37c9ded7":{"type":"inventory","settings":{"text_style":"uppercase","inventory_threshold":10,"show_inventory_quantity":true}},"description":{"type":"description","settings":{}},"collapsible-row-1":{"type":"collapsible_tab","settings":{"heading":"Shipping Information","content":"","page":"shipping-information"}},"fba18659-f515-470a-ad98-83721b6d8b37":{"type":"buy_buttons","settings":{"show_dynamic_checkout":true,"show_gift_card_recipient":true}}},"block_order":["title","judge_me_reviews_preview_badge_G3qmpM","price","variant_picker","52794bcc-295b-4f22-af16-704f37c9ded7","description","collapsible-row-1","fba18659-f515-470a-ad98-83721b6d8b37"],"settings":{"page_full_width":false,"page_full_width_spacing":false,"enable_product_zoom":"default","gallery_layout":"thumbnail_slider","stacked_column_alignment":"two","thumb_carousel_layout":"thumbnail_slider_left","meta_style":"full-width","hide_variants":false,"enable_video_looping":false,"tab_position":"bottom","tab_style":"tab","show_wishlist":false,"show_comapre":false,"enable_sticky_bar":false,"sidebar_settings":"no-sidebar","show_menu":false,"menu_title":"Category","linklist":"main-menu","show_image":false,"sidebar_title":"shopping","sidebar_button":"Shop Now","sidebar_link":"\/","show_collection":false,"collection_title":"Featured products","collection":"shop-list-view","collection_limit":5,"show_carousel":false,"carousel_title":"Featured items","iconwithtext":"Further info","heading_1":"Free Shipping","heading_1_text":"Free Shipping World wide","heading_2":"Free Shipping","heading_2_text":"Free Shipping World wide","heading_3":"Free Shipping","heading_3_text":"Free Shipping World wide","html":"","enable_enquiry":false,"padding_top":100,"padding_bottom":100,"display_back_in_stock":true,"notify_text":"success","notify_error":"","prev_next_products":false,"show_quantity_selector":true,"show_review_tab":true}},"product-recommendations":{"type":"product-recommendations","settings":{"page_full_width":false,"page_full_width_spacing":false,"heading":"Recommended Products","heading_size":"h2","column_alignment":"left","products_to_show":6,"desktop_column":4,"laptop_column":3,"tablet_column":2,"mobile_column":2,"column_gap":"20","centered_slide":false,"swiper_pagination":false,"swiper_navigation":false,"auto_play":3,"swipe_on_mobile":false,"arrow_on_mobile":false,"color_scheme":"background-1","image_ratio":"adapt","show_secondary_image":true,"show_vendor":false,"show_rating":false,"padding_top":100,"padding_bottom":100}},"1715421359270019a5":{"type":"apps","blocks":{"judge_me_reviews_review_widget_Yn4M7q":{"type":"shopify:\/\/apps\/judge-me-reviews\/blocks\/review_widget\/61ccd3b1-a9f2-4160-9fe9-4fec8413e5d8","settings":{}}},"block_order":["judge_me_reviews_review_widget_Yn4M7q"],"settings":{"include_margins":true}}},"order":["a749a21c-24d9-496a-a367-132b18dae0a8","breadcrumb_QQpVXJ","main","product-recommendations","1715421359270019a5"]}