{"current":{"preloader_enable":false,"type_header_font":"dm_sans_n7","custom_font_script_1":"@import url('https:\/\/fonts.googleapis.com\/css2?family=Chakra+Petch:ital,wght@0,300;0,400;0,500;0,600;0,700;1,300;1,400;1,500;1,600;1,700&display=swap');","custom_font_family_1":"\"Chakra Petch\", sans-serif;","h1_size":90,"h2_size":60,"h3_size":30,"h6_size":17,"type_body_font":"futura_n4","custom_font_script_2":"@import url('https:\/\/fonts.googleapis.com\/css2?family=Sora:wght@100..800&display=swap');","custom_font_family_2":"\"Sora\", sans-serif;","type_base_size":16,"type_additional_font":"nunito_n4","custom_font_script_3":"","custom_font_family_3":"","display_color_variant":false,"variant_image":false,"display_item_size":false,"enable_timer":false,"enable_wishlist":true,"enable_compare":true,"enable_quickview":false,"enable_quickadd":true,"enable_scroll_to_top":true,"offer_price_enable":true,"Enable_rtl":false,"darkmode_enable":false,"page_width":1440,"page_width_laptop":1200,"page_width_tab":1000,"page_full_width_spacing":4,"spacing_sections":0,"spacing_grid_horizontal":30,"spacing_grid_vertical":30,"sidebar_width":420,"colors_border":"#ffffff","buttons_border_thickness":1,"buttons_border_opacity":15,"buttons_radius":0,"buttons_shadow_opacity":0,"buttons_shadow_horizontal_offset":0,"buttons_shadow_vertical_offset":0,"buttons_shadow_blur":0,"variant_pills_border_thickness":1,"variant_pills_border_opacity":15,"variant_pills_radius":0,"variant_pills_shadow_opacity":0,"variant_pills_shadow_horizontal_offset":0,"variant_pills_shadow_vertical_offset":4,"variant_pills_shadow_blur":5,"input_color":"#1c1f18","inputs_border_thickness":1,"inputs_border_opacity":15,"inputs_radius":0,"inputs_shadow_opacity":0,"inputs_shadow_horizontal_offset":0,"inputs_shadow_vertical_offset":0,"inputs_shadow_blur":0,"card_style":"card_with_icons","card_image_padding":0,"card_content_padding":20,"card_text_alignment":"left","card_color_scheme":"scheme-1","card_border_thickness":1,"card_border_opacity":15,"card_corner_radius":0,"card_shadow_opacity":0,"card_shadow_horizontal_offset":0,"card_shadow_vertical_offset":0,"card_shadow_blur":30,"blog_card_content_padding":20,"blog_card_text_alignment":"left","blog_card_color_scheme":"scheme-1","blog_card_border_thickness":1,"blog_card_border_opacity":15,"blog_card_corner_radius":0,"blog_card_shadow_opacity":0,"collection_card_image_padding":0,"collection_card_text_alignment":"center","collection_card_color_scheme":"background-1","collection_card_border_thickness":1,"collection_card_border_opacity":15,"collection_card_corner_radius":0,"collection_card_shadow_opacity":0,"text_boxes_border_thickness":0,"text_boxes_border_opacity":10,"text_boxes_radius":0,"text_boxes_shadow_opacity":0,"text_boxes_shadow_horizontal_offset":0,"text_boxes_shadow_vertical_offset":4,"text_boxes_shadow_blur":5,"media_border_thickness":1,"media_border_opacity":15,"media_radius":0,"media_shadow_opacity":0,"media_shadow_horizontal_offset":0,"media_shadow_vertical_offset":4,"media_shadow_blur":5,"popup_border_thickness":1,"popup_border_opacity":15,"popup_corner_radius":0,"popup_shadow_opacity":15,"popup_shadow_horizontal_offset":0,"popup_shadow_vertical_offset":4,"popup_shadow_blur":10,"drawer_border_thickness":1,"drawer_border_opacity":45,"drawer_shadow_opacity":0,"drawer_shadow_horizontal_offset":0,"drawer_shadow_vertical_offset":4,"drawer_shadow_blur":0,"badge_position":"top-left","badge_corner_radius":0,"sale-badge_color":"#ccff00","sale-badge_color_text":"#000000","soldout-badge_color":"#ec4040","new-badge_color":"#bababa","new-badge_color_text":"#111410","social_twitter_link":"#","social_facebook_link":"#","social_pinterest_link":"","social_instagram_link":"#","social_tiktok_link":"","social_tumblr_link":"","social_snapchat_link":"#","social_youtube_link":"","social_vimeo_link":"#","predictive_search_enabled":false,"predictive_search_show_vendor":false,"predictive_search_show_price":true,"search_tags":"featured, trendy, sale, new","search_collection":"","swiper_enable":false,"centered_slide":false,"swiper_pagination":false,"swiper_navigation":false,"show_secondary_image":true,"show_new_tag":true,"show_rating":true,"favicon":"shopify:\/\/shop_images\/favicon.png","currency_code_enabled":false,"cart_type":"drawer","show_vendor":false,"show_cart_note":true,"show_gift_wrap":true,"show_shipping_info":true,"show_discount_option":true,"goal":1000,"cart_drawer_collection":"shop-5-column","cart_style":"style1","checkout_logo_image":"shopify:\/\/shop_images\/Group_25156.png","checkout_logo_position":"center","checkout_accent_color":"#000000","checkout_button_color":"#000000","heading_scale":100,"body_scale":100,"accent_icons":"accent-1","sale_badge_color_scheme":"background-2","sold_out_badge_color_scheme":"background-1","use_breadcrumb_title":true,"breadcrumb_image":"shopify:\/\/shop_images\/bg-footer_1.jpg","breadcrumb_style":"center","image_overlay_opacity":44,"breadcrumb_padding_top":100,"breadcrumb_padding_bottom":100,"breadcrumb_margin_bottom":0,"flash-text1":"🔥 Welcome to Framework","flash-text2":"Come back! 🔥","footer_type":"style1","gradient_accent_1":"","gradient_accent_2":"","heading_line_height":1.2,"button_style":"button","enable_cart_icon":false,"enable_search":false,"enable_stock_status_bar":false,"sections":{"announcement-bar":{"type":"announcement-bar","blocks":{"announcement_APNxMB":{"type":"announcement","settings":{"text":"40% OFF Till Spring Sale soon.","link_text":"Shop Sale","link":"\/"}},"announcement-bar-0":{"type":"announcement","settings":{"text":"Free Shipping on Orders","link_text":"Shop Sale","link":"\/"}},"26a5b632-ccfe-4348-b599-1e87c2b86bce":{"type":"announcement","settings":{"text":"40% OFF Store Wide Use Code","link_text":"Shop Sale","link":"\/"}}},"block_order":["announcement_APNxMB","announcement-bar-0","26a5b632-ccfe-4348-b599-1e87c2b86bce"],"settings":{"page_full_width":false,"page_full_width_spacing":false,"color_scheme":"scheme-5","disable_announcement_bar":true,"disable_announcement_bar_mobile":true,"announcement_bar_style":"vertical","show_social":true}},"header":{"type":"header","blocks":{"promo_image_YhAHkb":{"type":"promo_image","settings":{"mega_1":"SHOP","mega_columns":"four-column","row_reverse":false,"enable_custom_width":false,"custom_megamenu_width":75,"title_1":"","button_1":"","link_1":"#","title_2":"","button_2":"","link_2":"#","title_3":"","button_3":"","link_3":"#","title_4":"","button_4":"","link_4":"#"}}},"block_order":["promo_image_YhAHkb"],"settings":{"page_full_width":true,"page_full_width_spacing":true,"color_scheme":"scheme-4","logo":"shopify:\/\/shop_images\/header-logo.png","logo_width":50,"logo_position":"middle-left","menu_alignment":"center","menu":"main-menu","show_secondary_menu":false,"secondary_menu":"","mobile_screen_width":"1249","show_line_separator":true,"enable_sticky_header":true,"enable_transparent_header":true,"enable_country_selector":true,"enable_language_selector":false,"search_style":"none","show_header_wishlist":false,"show_header_compare":false,"show_account":true,"show_header_cart":true,"enable_open_drawer":true,"instgram_title":"@APEXX","side_img_1":"shopify:\/\/shop_images\/Product-1.png","side_img_2":"shopify:\/\/shop_images\/Product-2.png","side_img_3":"shopify:\/\/shop_images\/Product-3.png","side_img_4":"shopify:\/\/shop_images\/Product-4.png","enable_social_icons":true,"sidebar_social-heading":"Social Media","sidebar_contact-heading":"Contact Us","sidebar_mail_id_heading":"Email","sidebar_mail_id":"support@example.com","sidebar_phone_no_heading":"Phone","sidebar_phone_no":"000 - 123 - 456789","header_icon_type":"icon","show_category_menu":false,"category_heading":"All categories","category_menu":"","enable_sale":false,"sale_txt":"Sale","sale_tags":"product","enable_new":false,"new_txt":"New","new_tags":"shop infinite scroll","enable_hot":false,"hot_txt":"Hot","hot_tags":"","dropdown_style":"fullwidth_dropdown"}},"footer":{"type":"footer","blocks":{"872fb711-49d8-4e35-bc16-d8e2e3131ec4":{"type":"text","settings":{"image":"shopify:\/\/shop_images\/footer-logo_1.png","logo_width":180,"heading":"","subtext":"<p>Sed libero odio, sollicitudin a porttitor ac, tempor eu nisi. Nulla sit amet suscipit dolormentum mauris in, rutrum augue.<\/p>","text_show_social":false,"alignment":"left","column_width":38,"show_store":true,"image_1":"shopify:\/\/shop_images\/google-icon-1.png","link_1":"#","image_2":"shopify:\/\/shop_images\/apple-icon.png","link_2":"#"}},"3408e200-d33a-433c-bdd0-1d9c73fff07e":{"type":"link_list","settings":{"heading":"Useful links","menu":"footer","alignment":"left","list_style":"vertical","column_width":18}},"8c88a831-9d3f-4039-9e74-6f7b20caa8ff":{"type":"link_list","settings":{"heading":"Help & Support","menu":"footer-menu-2","alignment":"left","list_style":"vertical","column_width":18}},"1799d918-6b7b-4ad3-9b55-2ad8975d943b":{"type":"link_list","settings":{"heading":"Resources","menu":"footer-menu-3","alignment":"left","list_style":"vertical","column_width":18}}},"block_order":["872fb711-49d8-4e35-bc16-d8e2e3131ec4","3408e200-d33a-433c-bdd0-1d9c73fff07e","8c88a831-9d3f-4039-9e74-6f7b20caa8ff","1799d918-6b7b-4ad3-9b55-2ad8975d943b"],"custom_css":[],"settings":{"page_full_width":false,"page_full_width_spacing":false,"color_scheme":"scheme-1","show_social":true,"show_line_separator":true,"copyright_content":"<p>All Right Reserved © 2024 <a href=\"https:\/\/os-2-0-framework.myshopify.com\/\" title=\"https:\/\/os-2-0-framework.myshopify.com\/\">Designthemes<\/a><\/p>","payment_enable":false,"footer_default":false,"enable_follow_on_shop":false,"bottom_menu":"policy","margin_top":100,"padding_top":0,"padding_bottom":60}},"main-password-header":{"type":"main-password-header","settings":{"logo":"shopify:\/\/shop_images\/header-logo.png","logo_max_width":50,"color_scheme":"background-1"}},"main-password-footer":{"type":"main-password-footer","settings":{"color_scheme":"background-1"}},"suggested-products":{"type":"suggested-products","blocks":{"a4ab6c6f-a1de-4166-8ecc-4cb9642b61db":{"type":"image","settings":{"product":"gaming-chair","from":"Japan","time":"9 Minutes ago"}},"1af91c39-c0a1-43f1-bec9-efb91982e75e":{"type":"image","settings":{"product":"gaming-keyboard","from":"","time":"49 Minutes ago"}},"0b05e90a-7ec9-4eaa-89f5-bd2c106772c3":{"type":"image","settings":{"product":"gaming-desk","from":"","time":"40 Minutes ago"}},"image_CmFEhf":{"type":"image","settings":{"product":"headphone-with-mic-copy","from":"Sydney, Australia","time":"36 minutes ago"}}},"block_order":["a4ab6c6f-a1de-4166-8ecc-4cb9642b61db","1af91c39-c0a1-43f1-bec9-efb91982e75e","0b05e90a-7ec9-4eaa-89f5-bd2c106772c3","image_CmFEhf"],"settings":{"display_recent_purchase":false,"color_scheme":"","placement":"left","text":"Customer recently purchased"}},"cookie-banner":{"type":"cookie-banner","settings":{"show_gdpr":true,"style":"right","color_scheme":"scheme-2","text":"Please click Accept Cookies to continue to use the site.","accept":"Privacy policy","decline":"Accept cookies"}},"newsletter-modal":{"type":"newsletter-modal","blocks":{"caption_EJkFCh":{"type":"caption","settings":{"caption":"Our newsletter"}},"ad2319a5-3b0a-4abe-8f83-a627ca9b3c2c":{"type":"heading","settings":{"heading":"Join Our Community","heading_size":"h2"}},"03297923-22c8-4e4e-bcf4-b26fb6693c69":{"type":"paragraph","settings":{"paragraph":"<p>Nunc consectetur ornare varius. Nulla massa velit, ultricies in volutpat aviverra et nunc. Suspendisse non velit consmentum tellusrra<\/p>"}},"8b169acd-6538-4ffb-8180-993928abf105":{"type":"email_form","settings":{}}},"block_order":["caption_EJkFCh","ad2319a5-3b0a-4abe-8f83-a627ca9b3c2c","03297923-22c8-4e4e-bcf4-b26fb6693c69","8b169acd-6538-4ffb-8180-993928abf105"],"settings":{"color_scheme":"background-1","modal_bg_opacity":"0.8","enable_newsletter_modal":false,"cookie_expires":1,"cookie_modal_delay":"5000","block_text_align":"text-center","enable_social_icon":false}},"top-bar":{"type":"top-bar","settings":{"page_full_width":true,"page_full_width_spacing":true,"top_bar_color_scheme":"background-1","disable_topbar":true,"disable_topbar_mobile":true,"top_bar_alignment":"left","header_mail":"","header_phone":"","text":"40% OFF Till Spring Sale soon. Shop Sale","enable_text_icon":false,"link_text":"Shop Now","link":"\/","show_social":true,"enable_country_selector":true,"enable_language_selector":true}},"flash-sale-banner":{"type":"flash-sale-banner","blocks":{"0345c6b8-189b-4eb0-8dcb-622f1180da96":{"type":"heading","settings":{"heading":"Flash Sale now on!"}},"ae1ba60b-eb85-4384-973b-6d71691ad4db":{"type":"text","settings":{"text":"<p>Huge savings across all ranges sitewide<\/p>"}},"6fc41b2f-8446-40cb-aff1-a14c7ab84cdc":{"type":"button","settings":{"button_label":"FLASHSALE24","button_link":"COPY"}}},"block_order":["0345c6b8-189b-4eb0-8dcb-622f1180da96","ae1ba60b-eb85-4384-973b-6d71691ad4db","6fc41b2f-8446-40cb-aff1-a14c7ab84cdc"],"settings":{"hide_flash_banner":true,"page_full_width":false,"page_full_width_spacing":false,"color_scheme":"background-2","padding_top":0,"padding_bottom":0}},"offer-popup":{"type":"offer-popup","settings":{"offer_popup":false,"popup_heading":"Unlock 15% Discount"}},"breadcrumb":{"type":"breadcrumb","settings":{"page_full_width":true,"page_full_width_spacing":false,"use_breadcrumb_title":true,"breadcrumb_image":"shopify:\/\/shop_images\/bread-crumb-1.5x.png","breadcrumb_style":"center","image_overlay_opacity":0,"color_scheme":"background-1","padding_top":240,"padding_bottom":140}}},"content_for_index":[],"blocks":{"14060646107696862457":{"type":"shopify:\/\/apps\/judge-me-reviews\/blocks\/judgeme_core\/61ccd3b1-a9f2-4160-9fe9-4fec8413e5d8","disabled":false,"settings":{}}},"color_schemes":{"scheme-1":{"settings":{"background":"#111410","background_gradient":"","text":"#ffffff","caption_color":"#ccff00","button":"#ccff00","button_label":"#000000","secondary_button_label":"#ccff00","secondary_button":"#1e2118"}},"scheme-2":{"settings":{"background":"#242424","background_gradient":"","text":"#ffffff","caption_color":"","button":"#ccff00","button_label":"#121212","secondary_button_label":"#ccff00","secondary_button":"#1e2118"}},"scheme-3":{"settings":{"background":"rgba(0,0,0,0)","background_gradient":"","text":"#ffffff","caption_color":"#ccff00","button":"#ccff00","button_label":"#1c1f18","secondary_button_label":"#ccff00","secondary_button":"#1c1f18"}},"scheme-4":{"settings":{"background":"#1c1f18","background_gradient":"","text":"#ffffff","caption_color":"#ccff00","button":"#ccff00","button_label":"#000000","secondary_button_label":"#ccff00","secondary_button":"#1e2118"}},"scheme-5":{"settings":{"background":"#ec4040","background_gradient":"","text":"#ffffff","caption_color":"","button":"#ffffff","button_label":"#ec4040","secondary_button_label":"#ffffff","secondary_button":"#121212"}},"scheme-2d2e3734-4d34-4dbf-89c6-e7ed9cf501e8":{"settings":{"background":"rgba(0,0,0,0)","background_gradient":"","text":"#121212","caption_color":"","button":"#ec4040","button_label":"#ffffff","secondary_button_label":"#ffffff","secondary_button":"#121212"}}}},"presets":{"Default":{"type_header_font":"assistant_n4","heading_scale":100,"type_body_font":"assistant_n4","body_scale":100,"page_width":1200,"spacing_sections":0,"spacing_grid_horizontal":8,"spacing_grid_vertical":8,"buttons_border_thickness":1,"buttons_border_opacity":100,"buttons_radius":0,"buttons_shadow_opacity":0,"buttons_shadow_horizontal_offset":0,"buttons_shadow_vertical_offset":4,"buttons_shadow_blur":5,"variant_pills_border_thickness":1,"variant_pills_border_opacity":55,"variant_pills_radius":40,"variant_pills_shadow_opacity":0,"variant_pills_shadow_horizontal_offset":0,"variant_pills_shadow_vertical_offset":4,"variant_pills_shadow_blur":5,"inputs_border_thickness":1,"inputs_border_opacity":55,"inputs_radius":0,"inputs_shadow_opacity":0,"inputs_shadow_horizontal_offset":0,"inputs_shadow_vertical_offset":4,"inputs_shadow_blur":5,"card_style":"standard","card_image_padding":0,"card_text_alignment":"left","card_color_scheme":"background-2","card_border_thickness":0,"card_border_opacity":10,"card_corner_radius":0,"card_shadow_opacity":0,"card_shadow_horizontal_offset":0,"card_shadow_vertical_offset":4,"card_shadow_blur":5,"text_boxes_border_thickness":0,"text_boxes_border_opacity":10,"text_boxes_radius":0,"text_boxes_shadow_opacity":0,"text_boxes_shadow_horizontal_offset":0,"text_boxes_shadow_vertical_offset":4,"text_boxes_shadow_blur":5,"media_border_thickness":1,"media_border_opacity":5,"media_radius":0,"media_shadow_opacity":0,"media_shadow_horizontal_offset":0,"media_shadow_vertical_offset":4,"media_shadow_blur":5,"popup_border_thickness":1,"popup_border_opacity":10,"popup_corner_radius":0,"popup_shadow_opacity":0,"popup_shadow_horizontal_offset":0,"popup_shadow_vertical_offset":4,"popup_shadow_blur":5,"drawer_border_thickness":1,"drawer_border_opacity":10,"drawer_shadow_opacity":0,"drawer_shadow_horizontal_offset":0,"drawer_shadow_vertical_offset":4,"drawer_shadow_blur":5,"badge_position":"bottom left","badge_corner_radius":40,"sale_badge_color_scheme":"accent-2","sold_out_badge_color_scheme":"inverse","accent_icons":"text","social_twitter_link":"","social_facebook_link":"","social_pinterest_link":"","social_instagram_link":"","social_tiktok_link":"","social_tumblr_link":"","social_snapchat_link":"","social_youtube_link":"","social_vimeo_link":"","predictive_search_enabled":true,"predictive_search_show_vendor":false,"predictive_search_show_price":false,"currency_code_enabled":true,"sections":{"announcement-bar":{"type":"announcement-bar","blocks":{"announcement-bar-0":{"type":"announcement","settings":{"text":"Welcome to our store","link":""}}},"block_order":["announcement-bar-0"],"settings":{}},"header":{"type":"header","settings":{"color_scheme":"background-1","logo_width":90,"logo_position":"middle-left","menu":"main-menu","show_line_separator":true,"enable_sticky_header":true}},"footer":{"type":"footer","blocks":{"footer-0":{"type":"link_list","settings":{"heading":"Quick links","menu":"footer"}},"footer-1":{"type":"link_list","settings":{"heading":"Info","menu":"footer"}},"footer-2":{"type":"text","settings":{"heading":"Our mission","subtext":"<p>Share contact information, store details, and brand content with your customers.<\/p>"}}},"block_order":["footer-0","footer-1","footer-2"],"settings":{"color_scheme":"background-1","show_social":true,"payment_enable":true,"margin_top":48,"padding_top":36,"padding_bottom":36}},"main-password-header":{"type":"main-password-header","settings":{"logo_max_width":100,"color_scheme":"background-1"}},"main-password-footer":{"type":"main-password-footer","settings":{"color_scheme":"background-1"}}}}},"platform_customizations":{"custom_css":[".bg-color-coal-black {background-color: #36454f;}"]}}